6034,OFF,-0.11,1.33,-0.04
6034,OFF,-0.14,1.42,-0.03
6035,OFF,-0.15,1.44,-0.04
6036,OFF,-0.17,1.41,-0.04
6037,ON,-0.13,1.32,-0.05
6037,ON,-0.10,1.23,-0.05
6038,ON,-0.07,1.19,-0.05
6039,ON,-0.07,1.19,-0.05
6039,ON,-0.10,1.27,-0.04
6040,OFF,-0.13,1.36,-0.04
6041,OFF,-0.16,1.45,-0.03
6042,OFF,-0.17,1.46,-0.04
6042,OFF,-0.14,1.37,-0.04
6043,ON,-0.11,1.28,-0.04
6044,ON,-0.07,1.19,-0.05
6044,ON,-0.07,1.19,-0.05
6045,ON,-0.09,1.26,-0.05
6046,OFF,-0.10,1.32,-0.04
6046,OFF,-0.13,1.41,-0.03
6047,OFF,-0.15,1.44,-0.04
6048,OFF,-0.17,1.47,-0.04
6049,ON,-0.14,1.38,-0.05
6049,ON,-0.11,1.28,-0.05
6050,ON,-0.07,1.19,-0.05
6051,ON,-0.09,1.27,-0.05
6051,ON,-0.11,1.34,-0.04
6052,OFF,-0.14,1.43,-0.04
6053,OFF,-0.16,1.44,-0.03
6054,OFF,-0.17,1.46,-0.03
6054,OFF,-0.14,1.37,-0.04
6055,ON,-0.11,1.28,-0.04
6056,ON,-0.07,1.18,-0.05
6056,ON,-0.07,1.18,-0.06
6057,ON,-0.08,1.20,-0.05
6058,OFF,-0.10,1.30,-0.05
6059,OFF,-0.13,1.39,-0.04
6059,OFF,-0.17,1.46,-0.04
6060,OFF,-0.17,1.46,-0.04
6061,ON,-0.14,1.37,-0.05
6061,ON,-0.11,1.28,-0.05
6062,ON,-0.07,1.19,-0.05
6063,ON,-0.08,1.25,-0.05
6063,ON,-0.09,1.31,-0.05
6064,OFF,-0.13,1.40,-0.04
6065,OFF,-0.15,1.43,-0.04
6066,OFF,-0.17,1.47,-0.03
6066,OFF,-0.14,1.37,-0.04
6067,ON,-0.11,1.28,-0.05
6068,ON,-0.08,1.19,-0.06
6068,ON,-0.07,1.19,-0.05
6069,ON,-0.06,1.19,-0.05
6070,OFF,-0.09,1.28,-0.04
6071,OFF,-0.12,1.37,-0.04
6071,OFF,-0.16,1.46,-0.04
6072,OFF,-0.13,1.37,-0.05
6073,ON,-0.10,1.28,-0.05
6073,ON,-0.07,1.19,-0.06
6074,ON,-0.07,1.19,-0.06
6075,ON,-0.07,1.21,-0.05
6075,ON,-0.10,1.30,-0.04
6076,OFF,-0.13,1.39,-0.04
6077,OFF,-0.16,1.47,-0.03
6078,OFF,-0.17,1.47,-0.04
6078,OFF,-0.17,1.42,-0.05
6079,ON,-0.14,1.33,-0.05
6080,ON,-0.10,1.24,-0.05
6080,ON,-0.07,1.20,-0.05
6081,ON,-0.07,1.20,-0.05
6082,OFF,-0.10,1.28,-0.05
6082,OFF,-0.13,1.37,-0.04
6083,OFF,-0.17,1.46,-0.04
6084,OFF,-0.14,1.37,-0.05
6085,ON,-0.11,1.28,-0.05
6085,ON,-0.08,1.19,-0.06
6086,ON,-0.07,1.19,-0.06
6087,ON,-0.07,1.19,-0.05
6087,ON,-0.10,1.28,-0.05
6088,OFF,-0.13,1.37,-0.04
6089,OFF,-0.16,1.45,-0.04
6090,OFF,-0.16,1.46,-0.04
6090,OFF,-0.16,1.46,-0.05
6091,ON,-0.13,1.38,-0.05
6092,ON,-0.10,1.29,-0.05
6092,ON,-0.07,1.20,-0.05
6093,ON,-0.09,1.21,-0.05
6094,OFF,-0.11,1.23,-0.05
6094,OFF,-0.14,1.32,-0.05
6095,OFF,-0.15,1.39,-0.05
6096,OFF,-0.17,1.41,-0.05
6097,ON,-0.13,1.32,-0.05
6097,ON,-0.10,1.23,-0.05
6098,ON,-0.06,1.19,-0.05
6099,ON,-0.06,1.19,-0.05
6099,ON,-0.09,1.28,-0.04
6100,OFF,-0.13,1.37,-0.04
6101,OFF,-0.16,1.45,-0.04
6102,OFF,-0.16,1.46,-0.04
6102,OFF,-0.16,1.46,-0.04
6103,ON,-0.13,1.37,-0.04
6104,ON,-0.10,1.28,-0.04
6104,ON,-0.07,1.19,-0.05
6105,ON,-0.08,1.25,-0.05
6106,OFF,-0.09,1.31,-0.04
6106,OFF,-0.12,1.40,-0.04
6107,OFF,-0.14,1.43,-0.05
6108,OFF,-0.16,1.46,-0.05
6109,ON,-0.13,1.37,-0.06
6109,ON,-0.10,1.28,-0.06
6110,ON,-0.06,1.19,-0.06
6111,ON,-0.08,1.26,-0.06
6111,ON,-0.10,1.34,-0.05
6112,OFF,-0.14,1.43,-0.05
6113,OFF,-0.16,1.45,-0.05
6114,OFF,-0.17,1.47,-0.05
6114,OFF,-0.14,1.38,-0.05
6115,ON,-0.10,1.29,-0.06
6116,ON,-0.07,1.20,-0.06
6116,ON,-0.07,1.20,-0.05
6117,ON,-0.07,1.21,-0.05
6118,OFF,-0.10,1.30,-0.05
6118,OFF,-0.14,1.39,-0.04
6119,OFF,-0.17,1.46,-0.04
6120,OFF,-0.18,1.46,-0.05
6121,ON,-0.14,1.38,-0.05
6121,ON,-0.11,1.29,-0.05
6122,ON,-0.07,1.19,-0.05
6123,ON,-0.09,1.26,-0.05
6123,ON,-0.10,1.32,-0.04
6124,OFF,-0.13,1.41,-0.04
6125,OFF,-0.14,1.42,-0.04
6126,OFF,-0.15,1.44,-0.04
6126,OFF,-0.12,1.35,-0.05
6127,ON,-0.11,1.27,-0.05
6128,ON,-0.08,1.19,-0.06
6128,ON,-0.08,1.19,-0.06
6129,ON,-0.07,1.19,-0.05
6130,OFF,-0.10,1.28,-0.05
6130,OFF,-0.13,1.37,-0.04
6131,OFF,-0.16,1.46,-0.04
6132,OFF,-0.13,1.37,-0.04
6133,ON,-0.10,1.28,-0.05
6133,ON,-0.07,1.19,-0.05
6134,ON,-0.07,1.21,-0.05
6135,ON,-0.06,1.22,-0.05
6135,ON,-0.10,1.31,-0.05
6136,OFF,-0.13,1.38,-0.05
6137,OFF,-0.16,1.46,-0.04
6138,OFF,-0.17,1.46,-0.04
6138,OFF,-0.17,1.42,-0.05
6139,ON,-0.13,1.33,-0.05
6140,ON,-0.10,1.24,-0.05
6140,ON,-0.06,1.19,-0.05
6141,ON,-0.06,1.19,-0.05
6142,OFF,-0.09,1.27,-0.04
6143,OFF,-0.13,1.36,-0.04
6143,OFF,-0.16,1.45,-0.04
6144,OFF,-0.14,1.37,-0.05
6145,ON,-0.11,1.28,-0.05
6145,ON,-0.08,1.19,-0.05
6146,ON,-0.08,1.19,-0.05
6147,ON,-0.07,1.19,-0.04
6147,ON,-0.10,1.28,-0.04
6148,OFF,-0.13,1.37,-0.04
6149,OFF,-0.16,1.46,-0.03
6150,OFF,-0.16,1.46,-0.04
6150,OFF,-0.17,1.46,-0.04
6151,ON,-0.13,1.37,-0.05
6152,ON,-0.10,1.28,-0.05
6152,ON,-0.07,1.19,-0.05
6153,ON,-0.09,1.26,-0.04
6154,OFF,-0.10,1.34,-0.04
6155,OFF,-0.14,1.43,-0.04
6155,OFF,-0.15,1.45,-0.04
6156,OFF,-0.14,1.39,-0.04
6157,ON,-0.11,1.30,-0.05
6157,ON,-0.08,1.21,-0.05
6158,ON,-0.07,1.19,-0.05
6159,ON,-0.07,1.19,-0.05
6159,ON,-0.10,1.27,-0.05
6160,OFF,-0.13,1.36,-0.05
6161,OFF,-0.16,1.46,-0.04
6162,OFF,-0.16,1.47,-0.04
6162,OFF,-0.16,1.46,-0.04
6163,ON,-0.13,1.37,-0.05
6164,ON,-0.10,1.28,-0.05
6164,ON,-0.07,1.19,-0.05
6165,ON,-0.08,1.25,-0.04
6166,OFF,-0.09,1.31,-0.04
6167,OFF,-0.12,1.40,-0.04
6167,OFF,-0.14,1.43,-0.04
6168,OFF,-0.16,1.47,-0.05
6169,ON,-0.13,1.38,-0.05
6169,ON,-0.10,1.29,-0.05
6170,ON,-0.06,1.20,-0.04
6171,ON,-0.08,1.27,-0.04
6171,ON,-0.10,1.34,-0.04
6172,OFF,-0.13,1.42,-0.04
6173,OFF,-0.15,1.44,-0.03
6174,OFF,-0.16,1.46,-0.03
6174,OFF,-0.13,1.37,-0.04
6175,ON,-0.10,1.28,-0.05
6176,ON,-0.07,1.19,-0.05
6176,ON,-0.07,1.20,-0.05
6177,ON,-0.07,1.21,-0.05
6178,OFF,-0.10,1.30,-0.04
6179,OFF,-0.13,1.39,-0.04
6179,OFF,-0.16,1.46,-0.04
6180,OFF,-0.17,1.46,-0.04
6181,ON,-0.14,1.37,-0.04
6181,ON,-0.10,1.29,-0.04
6182,ON,-0.07,1.20,-0.05
6183,ON,-0.08,1.26,-0.04
6183,ON,-0.09,1.32,-0.04
6184,OFF,-0.12,1.41,-0.04
6185,OFF,-0.14,1.44,-0.04
6186,OFF,-0.16,1.47,-0.04
6186,OFF,-0.14,1.37,-0.04
6187,ON,-0.11,1.28,-0.06
6188,ON,-0.07,1.19,-0.06
6188,ON,-0.07,1.19,-0.06
6189,ON,-0.06,1.20,-0.05
6190,OFF,-0.10,1.28,-0.05
6191,OFF,-0.13,1.37,-0.04
6191,OFF,-0.16,1.45,-0.04
6192,OFF,-0.13,1.37,-0.05
6193,ON,-0.10,1.28,-0.05
6193,ON,-0.07,1.19,-0.06
6194,ON,-0.07,1.19,-0.06
6195,ON,-0.07,1.22,-0.06
6195,ON,-0.10,1.31,-0.05
6196,OFF,-0.13,1.40,-0.05
6197,OFF,-0.17,1.46,-0.05
6198,OFF,-0.17,1.46,-0.05
6198,OFF,-0.17,1.41,-0.05
6199,ON,-0.14,1.32,-0.06
6200,ON,-0.11,1.23,-0.06
6200,ON,-0.08,1.20,-0.05
6201,ON,-0.08,1.20,-0.06
6202,OFF,-0.10,1.28,-0.06
6203,OFF,-0.13,1.37,-0.05
6203,OFF,-0.16,1.46,-0.05
6204,OFF,-0.14,1.38,-0.05
6205,ON,-0.11,1.28,-0.05
6205,ON,-0.08,1.19,-0.05
6206,ON,-0.07,1.19,-0.05
6207,ON,-0.07,1.20,-0.05
6207,ON,-0.10,1.28,-0.05
6208,OFF,-0.13,1.37,-0.05
6209,OFF,-0.16,1.46,-0.05
6210,OFF,-0.16,1.47,-0.05
6210,OFF,-0.17,1.47,-0.05
6211,ON,-0.13,1.38,-0.05
6212,ON,-0.10,1.29,-0.05
6212,ON,-0.07,1.20,-0.05
6213,ON,-0.09,1.27,-0.05
6214,OFF,-0.11,1.34,-0.04
6215,OFF,-0.14,1.43,-0.04
6215,OFF,-0.15,1.45,-0.04
6216,OFF,-0.17,1.42,-0.05
6217,ON,-0.14,1.33,-0.05
6217,ON,-0.10,1.24,-0.06
6218,ON,-0.07,1.19,-0.06
6219,ON,-0.06,1.20,-0.06
6219,ON,-0.09,1.28,-0.05
6220,OFF,-0.13,1.37,-0.05
6221,OFF,-0.16,1.46,-0.04
6222,OFF,-0.17,1.47,-0.05
6222,OFF,-0.13,1.38,-0.05
6223,ON,-0.10,1.29,-0.06
6224,ON,-0.07,1.20,-0.06
6224,ON,-0.07,1.20,-0.06
6225,ON,-0.08,1.26,-0.05
6226,OFF,-0.09,1.31,-0.05
6227,OFF,-0.13,1.40,-0.04
6227,OFF,-0.15,1.43,-0.05
6228,OFF,-0.17,1.47,-0.05
6229,ON,-0.13,1.37,-0.05
6229,ON,-0.10,1.28,-0.05
6230,ON,-0.07,1.19,-0.05
6231,ON,-0.08,1.27,-0.05
6232,OFF,-0.10,1.34,-0.04
6232,OFF,-0.13,1.43,-0.04
6233,OFF,-0.15,1.45,-0.03
6234,OFF,-0.17,1.42,-0.04
6234,OFF,-0.14,1.32,-0.05
6235,ON,-0.10,1.23,-0.06
6236,ON,-0.07,1.19,-0.06
6236,ON,-0.07,1.19,-0.06
6237,ON,-0.07,1.21,-0.05
6238,OFF,-0.10,1.30,-0.05
6239,OFF,-0.14,1.39,-0.05
6239,OFF,-0.17,1.46,-0.05
6240,OFF,-0.17,1.46,-0.05
6241,ON,-0.14,1.37,-0.06
6241,ON,-0.10,1.28,-0.06
6242,ON,-0.07,1.20,-0.06
6243,ON,-0.08,1.26,-0.06
6243,ON,-0.09,1.32,-0.05
6244,OFF,-0.13,1.41,-0.05
6245,OFF,-0.15,1.43,-0.05
6246,OFF,-0.17,1.46,-0.05
6246,OFF,-0.14,1.37,-0.05
6247,ON,-0.12,1.28,-0.05
6248,ON,-0.08,1.19,-0.06
6248,ON,-0.08,1.19,-0.06
6249,ON,-0.07,1.19,-0.05
6250,OFF,-0.10,1.27,-0.05
6251,OFF,-0.13,1.37,-0.05
6251,OFF,-0.16,1.46,-0.04
6252,OFF,-0.13,1.37,-0.04
6253,ON,-0.10,1.28,-0.05
6253,ON,-0.07,1.19,-0.05
6254,ON,-0.07,1.20,-0.05
6255,ON,-0.07,1.21,-0.05
6255,ON,-0.10,1.30,-0.05
6256,OFF,-0.13,1.38,-0.05
6257,OFF,-0.16,1.46,-0.05
6258,OFF,-0.17,1.47,-0.04
6258,OFF,-0.17,1.43,-0.05
6259,ON,-0.14,1.33,-0.05
6260,ON,-0.11,1.24,-0.06
6260,ON,-0.07,1.20,-0.05
6261,ON,-0.07,1.20,-0.05
6262,OFF,-0.10,1.28,-0.05
6263,OFF,-0.13,1.37,-0.05
6263,OFF,-0.16,1.46,-0.05
6264,OFF,-0.14,1.38,-0.05
6265,ON,-0.11,1.29,-0.05
6265,ON,-0.08,1.20,-0.05
6266,ON,-0.07,1.20,-0.05
6267,ON,-0.07,1.19,-0.05
6267,ON,-0.10,1.28,-0.05
6268,OFF,-0.13,1.36,-0.05
6269,OFF,-0.17,1.46,-0.04
6270,OFF,-0.17,1.46,-0.05
6270,OFF,-0.17,1.47,-0.05
6271,ON,-0.13,1.38,-0.06
6272,ON,-0.10,1.28,-0.06
6272,ON,-0.07,1.20,-0.06
6273,ON,-0.09,1.27,-0.05
6274,OFF,-0.11,1.34,-0.05
6275,OFF,-0.14,1.43,-0.05
6275,OFF,-0.16,1.45,-0.05
6276,OFF,-0.17,1.42,-0.05
6277,ON,-0.14,1.33,-0.05
6277,ON,-0.10,1.24,-0.05
6278,ON,-0.07,1.20,-0.05
6279,ON,-0.07,1.20,-0.05
6279,ON,-0.10,1.28,-0.05
6280,OFF,-0.12,1.35,-0.05
6281,OFF,-0.14,1.42,-0.04
6282,OFF,-0.14,1.43,-0.04
6282,OFF,-0.15,1.44,-0.05
6283,ON,-0.13,1.37,-0.05
6284,ON,-0.10,1.28,-0.06
6284,ON,-0.07,1.19,-0.06
6285,ON,-0.08,1.25,-0.06
6286,OFF,-0.10,1.31,-0.05
6287,OFF,-0.13,1.40,-0.05
6287,OFF,-0.15,1.43,-0.05
6288,OFF,-0.17,1.47,-0.05
6289,ON,-0.14,1.37,-0.06
6289,ON,-0.10,1.28,-0.06
6290,ON,-0.07,1.19,-0.06
6291,ON,-0.09,1.26,-0.06
6291,ON,-0.11,1.33,-0.05
6292,OFF,-0.14,1.42,-0.05
6293,OFF,-0.15,1.44,-0.05
6294,OFF,-0.16,1.46,-0.04
6294,OFF,-0.13,1.37,-0.05
6295,ON,-0.10,1.28,-0.05
6296,ON,-0.07,1.19,-0.06
6296,ON,-0.07,1.20,-0.06
6297,ON,-0.07,1.22,-0.05
6298,OFF,-0.10,1.30,-0.05
6299,OFF,-0.13,1.39,-0.04
6299,OFF,-0.17,1.46,-0.04
6300,OFF,-0.17,1.46,-0.04
6301,ON,-0.14,1.38,-0.05
6301,ON,-0.10,1.29,-0.05
6302,ON,-0.07,1.20,-0.05
6303,ON,-0.08,1.26,-0.05
6303,ON,-0.09,1.31,-0.04
6304,OFF,-0.13,1.40,-0.04
6305,OFF,-0.15,1.43,-0.04
6306,OFF,-0.17,1.46,-0.04
6306,OFF,-0.14,1.37,-0.04
6307,ON,-0.12,1.28,-0.05
6308,ON,-0.08,1.19,-0.05
6308,ON,-0.08,1.19,-0.05
6309,ON,-0.07,1.20,-0.04
6310,OFF,-0.10,1.29,-0.04
6311,OFF,-0.13,1.38,-0.04
6311,OFF,-0.16,1.41,-0.04
6312,OFF,-0.13,1.32,-0.04
6313,ON,-0.10,1.23,-0.05
6313,ON,-0.07,1.19,-0.05
6314,ON,-0.07,1.20,-0.05
6315,ON,-0.07,1.21,-0.05
6316,OFF,-0.10,1.29,-0.05
6316,OFF,-0.13,1.37,-0.04
6317,OFF,-0.16,1.46,-0.04
6318,OFF,-0.17,1.46,-0.04
6318,OFF,-0.14,1.37,-0.04
6319,ON,-0.10,1.28,-0.04
6320,ON,-0.07,1.19,-0.05
6320,ON,-0.07,1.19,-0.05
6321,ON,-0.07,1.19,-0.05
6322,OFF,-0.09,1.27,-0.04
6323,OFF,-0.13,1.36,-0.04
6323,OFF,-0.16,1.45,-0.04
6324,OFF,-0.14,1.37,-0.05
6325,ON,-0.11,1.28,-0.05
6325,ON,-0.08,1.19,-0.05
6326,ON,-0.07,1.19,-0.05
6327,ON,-0.07,1.19,-0.04
6328,OFF,-0.10,1.28,-0.04
6328,OFF,-0.13,1.37,-0.04
6329,OFF,-0.16,1.45,-0.05
6330,OFF,-0.13,1.37,-0.05
6330,OFF,-0.10,1.28,-0.06
6331,ON,-0.07,1.19,-0.05
6332,ON,-0.07,1.19,-0.05
6332,ON,-0.07,1.19,-0.05
6333,ON,-0.09,1.26,-0.05
6334,OFF,-0.11,1.33,-0.05
6335,OFF,-0.14,1.43,-0.04
6335,OFF,-0.16,1.45,-0.04
6336,OFF,-0.17,1.41,-0.04
6337,ON,-0.14,1.32,-0.05
6337,ON,-0.10,1.23,-0.05
6338,ON,-0.07,1.20,-0.05
6339,ON,-0.07,1.20,-0.04
6340,OFF,-0.10,1.28,-0.04
6340,OFF,-0.13,1.36,-0.04
6341,OFF,-0.17,1.45,-0.04
6342,OFF,-0.14,1.37,-0.04
6342,OFF,-0.11,1.28,-0.05
6343,ON,-0.07,1.19,-0.06
6344,ON,-0.07,1.19,-0.06
6344,ON,-0.07,1.19,-0.07
6345,ON,-0.08,1.25,-0.06
6346,OFF,-0.09,1.31,-0.05
6347,OFF,-0.12,1.40,-0.05
6347,OFF,-0.15,1.43,-0.05
6348,OFF,-0.17,1.46,-0.05
6349,ON,-0.14,1.37,-0.05
6349,ON,-0.10,1.28,-0.05
6350,ON,-0.07,1.19,-0.06
6351,ON,-0.09,1.27,-0.05
6351,ON,-0.11,1.34,-0.05
6352,OFF,-0.14,1.43,-0.04
6353,OFF,-0.15,1.45,-0.04
6354,OFF,-0.17,1.47,-0.04
6354,OFF,-0.14,1.38,-0.05
6355,ON,-0.10,1.28,-0.06
6356,ON,-0.07,1.20,-0.05
6356,ON,-0.07,1.20,-0.05
6357,ON,-0.07,1.21,-0.04
6358,OFF,-0.10,1.30,-0.05
6359,OFF,-0.13,1.39,-0.05
6359,OFF,-0.16,1.46,-0.05
6360,OFF,-0.16,1.47,-0.04
6361,ON,-0.13,1.38,-0.04
6361,ON,-0.10,1.29,-0.05
6362,ON,-0.06,1.20,-0.05
6363,ON,-0.08,1.26,-0.05
6363,ON,-0.09,1.32,-0.05
6364,OFF,-0.12,1.41,-0.04
6365,OFF,-0.14,1.44,-0.04
6366,OFF,-0.17,1.47,-0.05
6366,OFF,-0.14,1.38,-0.06
6367,ON,-0.12,1.29,-0.06
6368,ON,-0.08,1.19,-0.06
6368,ON,-0.08,1.19,-0.05
6369,ON,-0.07,1.19,-0.05
6370,OFF,-0.10,1.28,-0.04
6371,OFF,-0.13,1.36,-0.04
6371,OFF,-0.17,1.46,-0.04
6372,OFF,-0.14,1.37,-0.05
6373,ON,-0.10,1.29,-0.05
6373,ON,-0.07,1.20,-0.06
6374,ON,-0.07,1.20,-0.06
6375,ON,-0.07,1.22,-0.05
6375,ON,-0.10,1.30,-0.05
6376,OFF,-0.13,1.39,-0.05
6377,OFF,-0.17,1.45,-0.05
6378,OFF,-0.17,1.46,-0.05
6378,OFF,-0.18,1.41,-0.05
6379,ON,-0.14,1.32,-0.05
6380,ON,-0.11,1.23,-0.05
6380,ON,-0.07,1.19,-0.06
6381,ON,-0.07,1.19,-0.05
6382,OFF,-0.10,1.27,-0.04
6383,OFF,-0.13,1.36,-0.04
6383,OFF,-0.17,1.45,-0.04
6384,OFF,-0.14,1.37,-0.04
6385,ON,-0.11,1.28,-0.05
6385,ON,-0.08,1.19,-0.06
6386,ON,-0.08,1.19,-0.06
6387,ON,-0.07,1.19,-0.06
6387,ON,-0.10,1.28,-0.05
6388,OFF,-0.13,1.37,-0.05
6389,OFF,-0.16,1.46,-0.05
6390,OFF,-0.16,1.46,-0.05
6390,OFF,-0.17,1.47,-0.05
6391,ON,-0.14,1.38,-0.06
6392,ON,-0.10,1.29,-0.07
6392,ON,-0.07,1.20,-0.07
6393,ON,-0.09,1.27,-0.06
6394,OFF,-0.11,1.34,-0.05
6395,OFF,-0.14,1.43,-0.05
6395,OFF,-0.15,1.45,-0.05
6396,OFF,-0.17,1.42,-0.05
6397,ON,-0.14,1.33,-0.05
6397,ON,-0.11,1.24,-0.06
6398,ON,-0.07,1.20,-0.05
6399,ON,-0.07,1.20,-0.05
6399,ON,-0.09,1.28,-0.05
6400,OFF,-0.13,1.37,-0.05
6401,OFF,-0.16,1.46,-0.04
6402,OFF,-0.17,1.47,-0.04
6402,OFF,-0.17,1.47,-0.05
6403,ON,-0.13,1.38,-0.05
6404,ON,-0.10,1.29,-0.05
6405,ON,-0.07,1.20,-0.06
6405,ON,-0.08,1.26,-0.06
6406,OFF,-0.09,1.32,-0.05
6407,OFF,-0.12,1.41,-0.04
6407,OFF,-0.14,1.44,-0.05
6408,OFF,-0.17,1.47,-0.06
6409,ON,-0.13,1.38,-0.06
6409,ON,-0.10,1.28,-0.06
6410,ON,-0.07,1.19,-0.06
6411,ON,-0.09,1.26,-0.05
6412,OFF,-0.11,1.33,-0.05
6412,OFF,-0.14,1.43,-0.04
6413,OFF,-0.15,1.45,-0.05
6414,OFF,-0.17,1.44,-0.06
6414,OFF,-0.13,1.34,-0.06
6415,ON,-0.10,1.25,-0.06
6416,ON,-0.07,1.20,-0.06
6417,ON,-0.07,1.20,-0.06
6417,ON,-0.07,1.22,-0.06
6418,OFF,-0.10,1.30,-0.06
6419,OFF,-0.13,1.39,-0.05
6419,OFF,-0.16,1.46,-0.05
6420,OFF,-0.16,1.47,-0.05
6421,ON,-0.13,1.38,-0.05
6421,ON,-0.10,1.29,-0.06
6422,ON,-0.07,1.19,-0.06
6423,ON,-0.08,1.26,-0.06
6424,OFF,-0.09,1.32,-0.05
6424,OFF,-0.12,1.41,-0.05
6425,OFF,-0.14,1.44,-0.05
6426,OFF,-0.16,1.47,-0.05
6426,OFF,-0.13,1.37,-0.06
6427,ON,-0.10,1.28,-0.06
6428,ON,-0.07,1.20,-0.06
6429,ON,-0.07,1.20,-0.06
6429,ON,-0.07,1.20,-0.06
6430,OFF,-0.10,1.28,-0.06
6431,OFF,-0.12,1.37,-0.06
6431,OFF,-0.16,1.46,-0.06
6432,OFF,-0.13,1.37,-0.06
6433,ON,-0.10,1.28,-0.06
6433,ON,-0.07,1.20,-0.06
6434,ON,-0.07,1.20,-0.06
6435,ON,-0.07,1.22,-0.06
6436,OFF,-0.09,1.28,-0.05
6436,OFF,-0.10,1.35,-0.05
6437,OFF,-0.14,1.43,-0.05
6438,OFF,-0.15,1.45,-0.05
6438,OFF,-0.14,1.38,-0.05
6439,ON,-0.10,1.29,-0.06
6440,ON,-0.07,1.20,-0.06
6440,ON,-0.07,1.20,-0.06
6441,ON,-0.07,1.19,-0.06
6442,OFF,-0.10,1.27,-0.05
6443,OFF,-0.13,1.36,-0.05
6443,OFF,-0.16,1.45,-0.04
6444,OFF,-0.14,1.37,-0.05
6445,ON,-0.12,1.28,-0.05
6445,ON,-0.08,1.20,-0.06
6446,ON,-0.08,1.20,-0.06
6447,ON,-0.07,1.20,-0.06
6448,OFF,-0.10,1.28,-0.05
6448,OFF,-0.13,1.37,-0.04
6449,OFF,-0.16,1.46,-0.04
6450,OFF,-0.13,1.37,-0.05
6450,OFF,-0.10,1.29,-0.05
6451,ON,-0.07,1.20,-0.06
6452,ON,-0.07,1.20,-0.05
6452,ON,-0.07,1.20,-0.05
6453,ON,-0.09,1.27,-0.05
6454,OFF,-0.11,1.34,-0.05
6455,OFF,-0.14,1.43,-0.04
6455,OFF,-0.16,1.45,-0.04
6456,OFF,-0.17,1.42,-0.05
6457,ON,-0.13,1.33,-0.05
6457,ON,-0.10,1.24,-0.05
6458,ON,-0.07,1.19,-0.05
6459,ON,-0.07,1.20,-0.05
6460,OFF,-0.09,1.28,-0.05
6460,OFF,-0.13,1.37,-0.05
6461,OFF,-0.16,1.46,-0.04
6462,OFF,-0.14,1.37,-0.05
6462,OFF,-0.12,1.28,-0.05
6463,ON,-0.08,1.19,-0.06
6464,ON,-0.08,1.19,-0.06
6464,ON,-0.07,1.19,-0.05
6465,ON,-0.08,1.26,-0.05
6466,OFF,-0.09,1.32,-0.05
6467,OFF,-0.13,1.36,-0.05
6467,OFF,-0.14,1.38,-0.05
6468,OFF,-0.16,1.41,-0.06
6469,ON,-0.12,1.37,-0.06
6469,ON,-0.09,1.28,-0.06
6470,ON,-0.07,1.19,-0.05
6471,ON,-0.08,1.26,-0.05
6472,OFF,-0.10,1.33,-0.05
6472,OFF,-0.13,1.43,-0.04
6473,OFF,-0.14,1.45,-0.04
6474,OFF,-0.16,1.41,-0.05
6474,OFF,-0.13,1.32,-0.05
6475,ON,-0.10,1.23,-0.05
6476,ON,-0.06,1.19,-0.05
6476,ON,-0.07,1.19,-0.05
6477,ON,-0.07,1.21,-0.05
6478,OFF,-0.10,1.30,-0.05
6479,OFF,-0.13,1.39,-0.05
6479,OFF,-0.16,1.46,-0.05
6480,OFF,-0.17,1.46,-0.05
6481,ON,-0.13,1.37,-0.05
6481,ON,-0.10,1.29,-0.05
6482,ON,-0.07,1.20,-0.06
6483,ON,-0.08,1.26,-0.05
6484,OFF,-0.09,1.32,-0.05
6484,OFF,-0.12,1.40,-0.04
6485,OFF,-0.14,1.43,-0.05
6486,OFF,-0.17,1.46,-0.05
6486,OFF,-0.13,1.37,-0.06
6487,ON,-0.10,1.29,-0.06
6488,ON,-0.06,1.20,-0.06
6488,ON,-0.06,1.19,-0.06
6489,ON,-0.06,1.19,-0.06
6490,OFF,-0.10,1.28,-0.05
6491,OFF,-0.13,1.37,-0.05
6491,OFF,-0.16,1.46,-0.05
6492,OFF,-0.13,1.37,-0.05
6493,ON,-0.10,1.29,-0.06
6493,ON,-0.07,1.19,-0.06
6494,ON,-0.07,1.20,-0.06
6495,ON,-0.07,1.21,-0.05
6496,OFF,-0.10,1.30,-0.04
6496,OFF,-0.14,1.38,-0.04
6497,OFF,-0.17,1.46,-0.04
6498,OFF,-0.17,1.47,-0.05
6498,OFF,-0.14,1.38,-0.05
6499,ON,-0.10,1.28,-0.06
6500,ON,-0.07,1.19,-0.06
6501,ON,-0.07,1.19,-0.06
6501,ON,-0.07,1.19,-0.06
6502,OFF,-0.10,1.28,-0.06
6503,OFF,-0.13,1.37,-0.05
6503,OFF,-0.16,1.46,-0.04
6504,OFF,-0.14,1.37,-0.05
6505,ON,-0.11,1.28,-0.06
6505,ON,-0.08,1.19,-0.06
6506,ON,-0.07,1.19,-0.06
6507,ON,-0.07,1.19,-0.06
6508,OFF,-0.10,1.28,-0.05
6508,OFF,-0.13,1.36,-0.05
6509,OFF,-0.17,1.46,-0.05
6510,OFF,-0.14,1.37,-0.05
6510,OFF,-0.11,1.28,-0.06
6511,ON,-0.07,1.19,-0.06
6512,ON,-0.07,1.19,-0.06
6513,ON,-0.07,1.19,-0.06
6513,ON,-0.09,1.26,-0.06
6514,OFF,-0.11,1.33,-0.06
6515,OFF,-0.14,1.42,-0.05
6515,OFF,-0.15,1.44,-0.05
6516,OFF,-0.17,1.43,-0.05
6517,ON,-0.13,1.33,-0.06
6517,ON,-0.10,1.24,-0.06
6518,ON,-0.06,1.19,-0.06
6519,ON,-0.06,1.19,-0.05
6520,OFF,-0.09,1.27,-0.05
6520,OFF,-0.13,1.36,-0.05
6521,OFF,-0.16,1.45,-0.05
6522,OFF,-0.14,1.37,-0.05
6522,OFF,-0.11,1.28,-0.06
6523,ON,-0.08,1.19,-0.06
6524,ON,-0.07,1.19,-0.06
6525,ON,-0.07,1.19,-0.06
6525,ON,-0.08,1.25,-0.06
6526,OFF,-0.09,1.31,-0.06
6527,OFF,-0.12,1.40,-0.05
6527,OFF,-0.15,1.43,-0.05
6528,OFF,-0.17,1.45,-0.05
6529,ON,-0.13,1.36,-0.05
6529,ON,-0.10,1.28,-0.06
6530,ON,-0.06,1.19,-0.06
6531,ON,-0.08,1.26,-0.05
6532,OFF,-0.11,1.33,-0.05
6532,OFF,-0.14,1.42,-0.05
6533,OFF,-0.15,1.44,-0.05
6534,OFF,-0.17,1.41,-0.05
6534,OFF,-0.13,1.32,-0.05
6535,ON,-0.10,1.23,-0.05
6536,ON,-0.07,1.19,-0.06
6537,ON,-0.07,1.20,-0.06
6537,ON,-0.07,1.21,-0.05
6538,OFF,-0.10,1.30,-0.05
6539,OFF,-0.13,1.38,-0.05
6539,OFF,-0.16,1.45,-0.05
6540,OFF,-0.16,1.46,-0.04
6541,ON,-0.14,1.37,-0.05
6541,ON,-0.11,1.28,-0.06
6542,ON,-0.08,1.19,-0.07
6543,ON,-0.08,1.25,-0.06
6544,OFF,-0.10,1.31,-0.05
6544,OFF,-0.13,1.39,-0.04
6545,OFF,-0.15,1.42,-0.04
6546,OFF,-0.17,1.45,-0.05
6546,OFF,-0.14,1.37,-0.06
6547,ON,-0.11,1.28,-0.06
6548,ON,-0.07,1.19,-0.06
6549,ON,-0.07,1.19,-0.05
6549,ON,-0.07,1.19,-0.04
6550,OFF,-0.10,1.28,-0.04
6551,OFF,-0.13,1.37,-0.05
6551,OFF,-0.16,1.45,-0.05
6552,OFF,-0.13,1.36,-0.05
6553,ON,-0.10,1.28,-0.05
6553,ON,-0.07,1.18,-0.06
6554,ON,-0.07,1.19,-0.06
6555,ON,-0.07,1.20,-0.06
6556,OFF,-0.10,1.29,-0.06
6556,OFF,-0.13,1.38,-0.05
6557,OFF,-0.16,1.45,-0.05
6558,OFF,-0.17,1.46,-0.05
6558,OFF,-0.14,1.37,-0.05
6559,ON,-0.10,1.28,-0.06
6560,ON,-0.07,1.19,-0.06
6561,ON,-0.07,1.20,-0.06
6561,ON,-0.07,1.20,-0.06
6562,OFF,-0.10,1.28,-0.05
6563,OFF,-0.13,1.37,-0.05
6563,OFF,-0.16,1.46,-0.04
6564,OFF,-0.15,1.37,-0.04
6565,ON,-0.12,1.28,-0.05
6565,ON,-0.09,1.20,-0.05
6566,ON,-0.08,1.20,-0.05
6567,ON,-0.07,1.20,-0.05
6568,OFF,-0.10,1.29,-0.05
6568,OFF,-0.13,1.37,-0.04
6569,OFF,-0.16,1.46,-0.04
6570,OFF,-0.13,1.37,-0.05
6570,OFF,-0.10,1.28,-0.05
6571,ON,-0.07,1.19,-0.06
6572,ON,-0.07,1.19,-0.06
6572,ON,-0.07,1.19,-0.06
6573,ON,-0.08,1.26,-0.06
6574,OFF,-0.10,1.33,-0.05
6575,OFF,-0.14,1.41,-0.04
6575,OFF,-0.15,1.44,-0.04
6576,OFF,-0.17,1.41,-0.05
6577,ON,-0.13,1.32,-0.05
6577,ON,-0.10,1.23,-0.05
6578,ON,-0.07,1.19,-0.05
6579,ON,-0.07,1.19,-0.05
6580,OFF,-0.09,1.28,-0.05
6580,OFF,-0.13,1.37,-0.05
6581,OFF,-0.16,1.46,-0.05
6582,OFF,-0.14,1.38,-0.05
6582,OFF,-0.11,1.28,-0.06
6583,ON,-0.08,1.19,-0.06
6584,ON,-0.07,1.19,-0.06
6585,ON,-0.07,1.20,-0.06
6585,ON,-0.08,1.25,-0.05
6586,OFF,-0.09,1.34,-0.05
6587,OFF,-0.12,1.44,-0.05
6587,OFF,-0.15,1.47,-0.05
6588,OFF,-0.17,1.46,-0.05
6589,ON,-0.13,1.37,-0.05
6590,ON,-0.10,1.28,-0.05
6590,ON,-0.07,1.19,-0.05
6591,ON,-0.08,1.25,-0.05
6592,OFF,-0.09,1.30,-0.04
6592,OFF,-0.12,1.39,-0.04
6593,OFF,-0.14,1.43,-0.05
6594,OFF,-0.16,1.41,-0.05
6594,OFF,-0.13,1.32,-0.05
6595,ON,-0.10,1.23,-0.05
6596,ON,-0.07,1.19,-0.05
6597,ON,-0.07,1.19,-0.06
6597,ON,-0.07,1.21,-0.05
6598,OFF,-0.10,1.30,-0.05
6599,OFF,-0.13,1.39,-0.04
6599,OFF,-0.17,1.45,-0.05
6600,OFF,-0.17,1.45,-0.05
6601,ON,-0.14,1.36,-0.05
6601,ON,-0.10,1.28,-0.05
6602,ON,-0.07,1.20,-0.06
6603,ON,-0.08,1.26,-0.06
6604,OFF,-0.09,1.32,-0.05
6604,OFF,-0.13,1.40,-0.05
6605,OFF,-0.15,1.43,-0.05
6606,OFF,-0.17,1.46,-0.05
6606,OFF,-0.13,1.37,-0.05
6607,ON,-0.10,1.28,-0.05
6608,ON,-0.07,1.19,-0.06
6609,ON,-0.07,1.19,-0.06
6609,ON,-0.07,1.19,-0.06
6610,OFF,-0.10,1.28,-0.05
6611,OFF,-0.13,1.37,-0.04
6611,OFF,-0.16,1.46,-0.04
6612,OFF,-0.13,1.37,-0.04
6613,ON,-0.10,1.28,-0.05
6613,ON,-0.07,1.19,-0.06
6614,ON,-0.07,1.19,-0.06
6615,ON,-0.07,1.21,-0.06
6616,OFF,-0.10,1.30,-0.05
6616,OFF,-0.13,1.39,-0.05
6617,OFF,-0.16,1.46,-0.05
6618,OFF,-0.17,1.46,-0.04
6618,OFF,-0.14,1.37,-0.04
6619,ON,-0.10,1.28,-0.05
6620,ON,-0.07,1.19,-0.05
6621,ON,-0.07,1.19,-0.06
6621,ON,-0.07,1.19,-0.06
6622,OFF,-0.09,1.23,-0.06
6623,OFF,-0.12,1.32,-0.05
6623,OFF,-0.15,1.40,-0.04
6624,OFF,-0.13,1.36,-0.05
6625,ON,-0.10,1.28,-0.06
6625,ON,-0.07,1.19,-0.06
6626,ON,-0.07,1.19,-0.05
6627,ON,-0.06,1.19,-0.05
6628,OFF,-0.09,1.28,-0.04
6628,OFF,-0.13,1.37,-0.04
6629,OFF,-0.16,1.46,-0.04
6630,OFF,-0.13,1.37,-0.04
6630,OFF,-0.10,1.28,-0.05
6631,ON,-0.06,1.19,-0.05
6632,ON,-0.06,1.19,-0.05
6633,ON,-0.06,1.19,-0.05
6633,ON,-0.09,1.26,-0.05
6634,OFF,-0.11,1.33,-0.04
6635,OFF,-0.14,1.42,-0.04
6635,OFF,-0.15,1.44,-0.04
6636,OFF,-0.16,1.41,-0.05
6637,ON,-0.13,1.32,-0.05
6637,ON,-0.10,1.23,-0.05
6638,ON,-0.07,1.19,-0.05
6639,ON,-0.07,1.19,-0.05
6640,OFF,-0.10,1.27,-0.05
6640,OFF,-0.13,1.36,-0.04
6641,OFF,-0.16,1.45,-0.04
6642,OFF,-0.14,1.37,-0.04
6642,OFF,-0.11,1.28,-0.04
6643,ON,-0.08,1.19,-0.05
6644,ON,-0.08,1.19,-0.05
6645,ON,-0.07,1.19,-0.06
6645,ON,-0.08,1.25,-0.05
6646,OFF,-0.10,1.31,-0.04
6647,OFF,-0.13,1.40,-0.04
6647,OFF,-0.15,1.43,-0.04
6648,OFF,-0.17,1.46,-0.04
6649,ON,-0.14,1.37,-0.04
6649,ON,-0.11,1.28,-0.05
6650,ON,-0.07,1.19,-0.05
6651,ON,-0.09,1.26,-0.05
6652,OFF,-0.11,1.33,-0.04
6652,OFF,-0.14,1.42,-0.03
6653,OFF,-0.16,1.44,-0.03
6654,OFF,-0.16,1.40,-0.04
6654,OFF,-0.13,1.31,-0.05
6655,ON,-0.10,1.21,-0.05
6656,ON,-0.07,1.18,-0.05
6657,ON,-0.07,1.19,-0.05
6657,ON,-0.07,1.21,-0.04
6658,OFF,-0.10,1.29,-0.04
6659,OFF,-0.13,1.38,-0.03
6659,OFF,-0.17,1.45,-0.04
6660,OFF,-0.17,1.46,-0.04
6661,ON,-0.14,1.37,-0.05
6661,ON,-0.10,1.28,-0.05
6662,ON,-0.07,1.19,-0.06
6663,ON,-0.08,1.25,-0.06
6664,OFF,-0.09,1.31,-0.05
6664,OFF,-0.13,1.40,-0.05
6665,OFF,-0.15,1.43,-0.04
6666,OFF,-0.17,1.46,-0.04
6666,OFF,-0.14,1.37,-0.04
6667,ON,-0.10,1.28,-0.04
6668,ON,-0.07,1.20,-0.05
6668,ON,-0.07,1.20,-0.05
6669,ON,-0.07,1.20,-0.05
6670,OFF,-0.10,1.28,-0.05
6671,OFF,-0.13,1.36,-0.04
6671,OFF,-0.16,1.45,-0.04
6672,OFF,-0.13,1.36,-0.05
6673,ON,-0.10,1.28,-0.06
6673,ON,-0.07,1.19,-0.06
6674,ON,-0.07,1.20,-0.06
6675,ON,-0.06,1.21,-0.05
6676,OFF,-0.10,1.30,-0.05
6676,OFF,-0.13,1.38,-0.05
6677,OFF,-0.16,1.46,-0.05
6678,OFF,-0.17,1.37,-0.05
6678,OFF,-0.13,1.28,-0.06
6679,ON,-0.10,1.20,-0.06
6680,ON,-0.07,1.19,-0.06
6681,ON,-0.07,1.19,-0.05
6681,ON,-0.07,1.19,-0.05
6682,OFF,-0.10,1.27,-0.05
6683,OFF,-0.13,1.36,-0.05
6683,OFF,-0.16,1.46,-0.05
6684,OFF,-0.14,1.37,-0.05
6685,ON,-0.11,1.28,-0.06
6685,ON,-0.08,1.19,-0.06
6686,ON,-0.07,1.19,-0.06
6687,ON,-0.06,1.19,-0.06
6688,OFF,-0.10,1.28,-0.05
6688,OFF,-0.13,1.36,-0.05
6689,OFF,-0.17,1.45,-0.05
6690,OFF,-0.14,1.36,-0.05
6690,OFF,-0.11,1.28,-0.05
6691,ON,-0.07,1.19,-0.05
6692,ON,-0.07,1.19,-0.05
6693,ON,-0.07,1.19,-0.06
6693,ON,-0.09,1.26,-0.05
6694,OFF,-0.10,1.33,-0.05
6695,OFF,-0.14,1.42,-0.04
6695,OFF,-0.15,1.44,-0.04
6696,OFF,-0.17,1.41,-0.04
6697,ON,-0.13,1.32,-0.05
6698,ON,-0.10,1.23,-0.05
6698,ON,-0.07,1.19,-0.05
6699,ON,-0.07,1.19,-0.05
6700,OFF,-0.10,1.27,-0.04
6700,OFF,-0.13,1.37,-0.04
6701,OFF,-0.16,1.46,-0.04
6702,OFF,-0.14,1.37,-0.05
6702,OFF,-0.11,1.28,-0.05
6703,ON,-0.08,1.18,-0.05
6704,ON,-0.07,1.19,-0.05
6705,ON,-0.06,1.19,-0.05
6705,ON,-0.07,1.25,-0.05
6706,OFF,-0.09,1.30,-0.04
6707,OFF,-0.12,1.40,-0.04
6707,OFF,-0.14,1.43,-0.04
6708,OFF,-0.16,1.46,-0.05
6709,ON,-0.13,1.37,-0.05
6709,ON,-0.10,1.28,-0.05
6710,ON,-0.07,1.19,-0.05
6711,ON,-0.09,1.26,-0.04
6712,OFF,-0.11,1.33,-0.04
6712,OFF,-0.14,1.42,-0.04
6713,OFF,-0.15,1.44,-0.04
6714,OFF,-0.16,1.41,-0.04
6714,OFF,-0.13,1.32,-0.05
6715,ON,-0.10,1.24,-0.06
6716,ON,-0.06,1.20,-0.06
6717,ON,-0.06,1.20,-0.06
6717,ON,-0.07,1.21,-0.05
6718,OFF,-0.10,1.30,-0.05
6719,OFF,-0.13,1.38,-0.04
6719,OFF,-0.16,1.46,-0.05
6720,OFF,-0.16,1.46,-0.05
6721,ON,-0.13,1.37,-0.06
6721,ON,-0.10,1.28,-0.05
6722,ON,-0.07,1.19,-0.05
6723,ON,-0.08,1.25,-0.04
6724,OFF,-0.09,1.31,-0.04
6724,OFF,-0.13,1.40,-0.04
6725,OFF,-0.15,1.43,-0.04
6726,OFF,-0.17,1.46,-0.05
6726,OFF,-0.13,1.37,-0.05
6727,ON,-0.10,1.28,-0.05
6728,ON,-0.07,1.19,-0.05
6729,ON,-0.07,1.19,-0.06
6729,ON,-0.07,1.19,-0.06
6730,OFF,-0.10,1.28,-0.06
6731,OFF,-0.13,1.37,-0.05
6731,OFF,-0.16,1.46,-0.04
6732,OFF,-0.13,1.37,-0.05